{
    "Tags": [
        {
            "Tag": "Root",
            "MainColor": {
                "r": 1.0,
                "g": 1.0,
                "b": 1.0,
                "a": 1.0
            },
            "SecondaryColor": {
                "r": 0.4000000059604645,
                "g": 0.4000000059604645,
                "b": 0.4000000059604645,
                "a": 1.0
            },
            "Description": "The root tag"
        },
        {
            "Tag": "Containers",
            "MainColor": {
                "r": 0.7641509771347046,
                "g": 0.36405307054519656,
                "b": 0.5489751696586609,
                "a": 1.0
            },
            "SecondaryColor": {
                "r": 0.3056603968143463,
                "g": 0.14562122523784638,
                "b": 0.21959006786346436,
                "a": 1.0
            },
            "Description": "Relates to two containers on the scales"
        },
        {
            "Tag": "Temp 3",
            "MainColor": {
                "r": 1.0,
                "g": 1.0,
                "b": 1.0,
                "a": 1.0
            },
            "SecondaryColor": {
                "r": 0.4000000059604645,
                "g": 0.4000000059604645,
                "b": 0.4000000059604645,
                "a": 1.0
            },
            "Description": ""
        }
    ]
}